{"cameraMode":{"drawMode":0,"name":"Shaded","section":"Shading Mode"},"sceneLighting":true,"audioPlay":false,"sceneViewState":{"m_AlwaysRefresh":false,"showFog":true,"showSkybox":true,"showFlares":true,"showImageEffects":true,"showParticleSystems":true,"showVisualEffectGraphs":true,"m_FxEnabled":true},"in2DMode":false,"pivot":{"x":840.6060791015625,"y":17.965333938598634,"z":-92.31382751464844},"rotation":{"x":-0.003538493299856782,"y":-0.7075963616371155,"z":-0.003452822333201766,"w":0.7065088748931885},"size":224.99473571777345,"orthographic":false}